{"cameraMode":{"drawMode":0,"name":"Shaded","section":"Shading Mode"},"sceneLighting":false,"audioPlay":false,"sceneViewState":{"showFog":true,"showMaterialUpdate":false,"showSkybox":false,"showFlares":true,"showImageEffects":true,"showParticleSystems":true},"in2DMode":false,"pivot":{"x":3.880000114440918,"y":0.500999927520752,"z":-1.2680000066757203},"rotation":{"x":0.13810905814170838,"y":-0.8590853214263916,"z":0.30903366208076479,"w":0.3839445412158966},"size":10.494790077209473,"orthographic":false}