{"cameraMode":{"drawMode":0,"name":"Shaded","section":"Shading Mode"},"sceneLighting":true,"audioPlay":false,"sceneViewState":{"showFog":true,"showMaterialUpdate":false,"showSkybox":true,"showFlares":true,"showImageEffects":true,"showParticleSystems":true},"in2DMode":false,"pivot":{"x":335.9854736328125,"y":176.5780792236328,"z":20.8328857421875},"rotation":{"x":-0.08570438623428345,"y":0.0005950346239842475,"z":-0.000051205694035161287,"w":-0.9963201284408569},"size":1047.315673828125,"orthographic":false}