{"cameraMode":{"drawMode":0,"name":"Shaded","section":"Shading Mode"},"sceneLighting":true,"audioPlay":false,"sceneViewState":{"showFog":true,"showMaterialUpdate":false,"showSkybox":true,"showFlares":true,"showImageEffects":true,"showParticleSystems":true},"in2DMode":false,"pivot":{"x":-88.20835876464844,"y":-94.27979278564453,"z":-193.88836669921876},"rotation":{"x":-0.3567458987236023,"y":0.3375342786312103,"z":-0.1400502771139145,"w":-0.8597739934921265},"size":253.82110595703126,"orthographic":false}