{"cameraMode":{"drawMode":0,"name":"Shaded","section":"Shading Mode"},"sceneLighting":false,"audioPlay":false,"sceneViewState":{"showFog":true,"showMaterialUpdate":false,"showSkybox":false,"showFlares":true,"showImageEffects":true,"showParticleSystems":true},"in2DMode":false,"pivot":{"x":-98.15493774414063,"y":2.27677059173584,"z":-1.3483192920684815},"rotation":{"x":0.1234419047832489,"y":-0.8738812804222107,"z":0.2937818169593811,"w":0.36719992756843569},"size":6.911911964416504,"orthographic":false}