{"cameraMode":{"drawMode":0,"name":"Shaded","section":"Shading Mode"},"sceneLighting":false,"audioPlay":false,"sceneViewState":{"showFog":true,"showMaterialUpdate":false,"showSkybox":false,"showFlares":true,"showImageEffects":true,"showParticleSystems":true},"in2DMode":false,"pivot":{"x":-72.5530014038086,"y":4.5953569412231449,"z":-20.36453628540039},"rotation":{"x":0.1234419047832489,"y":-0.8738812804222107,"z":0.2937818169593811,"w":0.36719992756843569},"size":9.478028297424317,"orthographic":false}