{"cameraMode":{"drawMode":0,"name":"Shaded","section":"Shading Mode"},"sceneLighting":false,"audioPlay":false,"sceneViewState":{"showFog":true,"showMaterialUpdate":false,"showSkybox":false,"showFlares":true,"showImageEffects":true,"showParticleSystems":true},"in2DMode":false,"pivot":{"x":-98.80860900878906,"y":2.276773691177368,"z":-1.2485712766647339},"rotation":{"x":0.1234419047832489,"y":-0.8738812804222107,"z":0.2937818169593811,"w":0.36719992756843569},"size":10.442100524902344,"orthographic":false}