{"cameraMode":{"drawMode":0,"name":"Shaded","section":"Shading Mode"},"sceneLighting":false,"audioPlay":false,"sceneViewState":{"showFog":true,"showMaterialUpdate":false,"showSkybox":false,"showFlares":true,"showImageEffects":true,"showParticleSystems":true},"in2DMode":false,"pivot":{"x":-97.44303894042969,"y":2.276773691177368,"z":-1.7328566312789918},"rotation":{"x":0.1234419047832489,"y":-0.8738812804222107,"z":0.2937818169593811,"w":0.36719992756843569},"size":7.751815319061279,"orthographic":false}